property_url,property_id,listing_id,mls,mls_id,status,text,style,full_street_line,street,unit,city,state,zip_code,beds,full_baths,half_baths,sqft,year_built,days_on_mls,list_price,list_price_min,list_price_max,list_date,sold_price,last_sold_date,assessed_value,estimated_value,tax,tax_history,new_construction,lot_sqft,price_per_sqft,latitude,longitude,neighborhoods,county,fips_code,stories,hoa_fee,parking_garage,agent_id,agent_name,agent_email,agent_phones,agent_mls_set,agent_nrds_id,broker_id,broker_name,builder_id,builder_name,office_id,office_mls_set,office_name,office_email,office_phones,nearby_schools,primary_photo,alt_photos,restaurant_count,closest_restaurant_name,closest_restaurant_distance,closest_restaurant_rating,cafe_count,closest_cafe_name,closest_cafe_distance,closest_cafe_rating,hospital_count,closest_hospital_name,closest_hospital_distance,closest_hospital_rating,pharmacy_count,closest_pharmacy_name,closest_pharmacy_distance,closest_pharmacy_rating,atm_count,closest_atm_name,closest_atm_distance,closest_atm_rating,bank_count,closest_bank_name,closest_bank_distance,closest_bank_rating
https://www.realtor.com/rentals/details/6-Gibson-St-Apt-2_Boston_MA_02122_M90157-76811,9015776811,2980259909,BSMA,73355559,FOR_RENT,"Beautiful and spacious four-bedroom, two-bathroom apartment located on the second floor in Fields Corner near the Red Line, bus lines, and highway access. This unit features high-end finishes with an open-concept eat-in kitchen boasting quartz countertops, modern white shaker cabinets, a large sink, and top-of-the-line stainless steel appliances including a stove, microwave, fridge, dishwasher, and in-unit washer and dryer. Both bathrooms are stylishly designed with modern vanities; one includes a beautifully tiled shower while the other features an alcove bathtub. Enjoy a large living area, well-sized bedrooms, ample closet space, and a charming front porch. Tenant pays for separate utilities. No smoking. No pets. First months rent, security deposit, and broker fee are due at lease signing. Good credit (680+), proof of income, and references required. Required documentation includes a rental application, recent pay stubs or proof of income, valid ID, and a full credit report.",APARTMENT,6 Gibson St Apt 2,6 Gibson St,Apt 2,Boston,MA,02122,4,2,,9999,,0,3700,,,2025-04-06,,,,,,,False,9999,0,42.297482,-71.0606,"Dorchester, Fields Corner East",Suffolk,25025,,0,,,Elvis Collado,elvisbosrealty@gmail.com,"[{'ext': None, 'primary': True, 'type': None, 'number': '6178662413'}]",A-BSMA-CN253511,,,,,,,O-BSMA-AN3959,Pena Realty Corporation,,"[{'number': '(617) 389-1777', 'type': 'Office', 'primary': True, 'ext': None}]","Helen Y. Davis Leadership Academy Charter Public (District), UP Academy Charter School of Dorchester (District), Boston School District, Neighborhood House Charter (District)",http://ap.rdcpix.com/c7d5f5a37526b53a666b1a91b89596e5l-m450497095od-w480_h360_x2.webp?w=1080&q=75,"http://ap.rdcpix.com/c7d5f5a37526b53a666b1a91b89596e5l-m450497095od-w480_h360_x2.webp?w=1080&q=75, http://ap.rdcpix.com/c7d5f5a37526b53a666b1a91b89596e5l-m2273877316od-w480_h360_x2.webp?w=1080&q=75, http://ap.rdcpix.com/c7d5f5a37526b53a666b1a91b89596e5l-m3752089240od-w480_h360_x2.webp?w=1080&q=75, http://ap.rdcpix.com/c7d5f5a37526b53a666b1a91b89596e5l-m281619059od-w480_h360_x2.webp?w=1080&q=75, http://ap.rdcpix.com/c7d5f5a37526b53a666b1a91b89596e5l-m1524292041od-w480_h360_x2.webp?w=1080&q=75, http://ap.rdcpix.com/c7d5f5a37526b53a666b1a91b89596e5l-m607562577od-w480_h360_x2.webp?w=1080&q=75, http://ap.rdcpix.com/c7d5f5a37526b53a666b1a91b89596e5l-m2509740659od-w480_h360_x2.webp?w=1080&q=75, http://ap.rdcpix.com/c7d5f5a37526b53a666b1a91b89596e5l-m3715299396od-w480_h360_x2.webp?w=1080&q=75, http://ap.rdcpix.com/c7d5f5a37526b53a666b1a91b89596e5l-m3287439485od-w480_h360_x2.webp?w=1080&q=75, http://ap.rdcpix.com/c7d5f5a37526b53a666b1a91b89596e5l-m3669064367od-w480_h360_x2.webp?w=1080&q=75",20,Subway,33,4.1,8,Dunkin',57,4,0,,,,6,Kimmy Pharmacy,517,4.8,16,ATM,22,No rating,4,Citizens,456,1.9
https://www.realtor.com/rentals/details/31-Stearns-Rd_Boston_MA_02132_M37210-90460,3721090460,2980257534,BSMA,73355525,FOR_RENT,"This 4 bedroom 2 bath single family home in the heart of a cul-de-sac offers 2 floors. the 1st features a good sized living room connecting to the dining room and a large kitchen with plenty of cabinet space. Two good sized bedrooms and full bathroom. The lower level has its own living room/entertaining area. 2 other good sized bedrooms, a full bathroom, and laundry hook ups. Along with plenty of street parking, there is a driveway large enough for 2-3 cars. And out back, outdoor space for the summer months. Pets negotiable. Located off Washington st, it is close to public transport, shops, schools, a golf course, supermarkets, the Dedham mall, and easy access to major routes.",SINGLE_FAMILY,31 Stearns Rd,31 Stearns Rd,,Boston,MA,02132,4,2,,2273,,0,4000,,,2025-04-06,,,571100,692375,6225,"[{'year': 2024, 'tax': 6225, 'assessment': {'building': 332000, 'land': 239100, 'total': 571100}}, {'year': 2023, 'tax': 5843, 'assessment': {'building': 316300, 'land': 227700, 'total': 544000}}, {'year': 2022, 'tax': 5479, 'assessment': {'building': 292800, 'land': 210800, 'total': 503600}}, {'year': 2021, 'tax': 5475, 'assessment': {'building': 314200, 'land': 198900, 'total': 513100}}, {'year': 2020, 'tax': 4849, 'assessment': {'building': 272300, 'land': 186900, 'total': 459200}}, {'year': 2019, 'tax': 4328, 'assessment': {'building': 275200, 'land': 135400, 'total': 410600}}, {'year': 2018, 'tax': 4097, 'assessment': {'building': 255500, 'land': 135400, 'total': 390900}}, {'year': 2017, 'tax': 4057, 'assessment': {'building': 247700, 'land': 135400, 'total': 383100}}, {'year': 2016, 'tax': 3870, 'assessment': {'building': 216400, 'land': 135400, 'total': 351800}}, {'year': 2015, 'tax': 3912, 'assessment': {'building': 190400, 'land': 132600, 'total': 323000}}, {'year': 2014, 'tax': 3794, 'assessment': {'building': 169000, 'land': 132600, 'total': 301600}}, {'year': 2006, 'tax': 3696, 'assessment': {'building': 260700, 'land': 71700, 'total': 332400}}, {'year': 2005, 'tax': 3384, 'assessment': {'building': 243700, 'land': 71700, 'total': 315400}}, {'year': 2004, 'tax': 3201, 'assessment': {'building': 243700, 'land': 71700, 'total': 315400}}]",False,4491,2,42.266582,-71.153213,"West Roxbury, Upper Washington - Spring Street",Suffolk,25025,,0,,4220299,Daniel Coelho,dcoelhorealty@gmail.com,"[{'ext': None, 'primary': True, 'type': 'BUSINESS_MOBILE', 'number': '7815725618'}]",A-BSMA-CN233435,,4076302,Exp Realty -  Broker,,,3065414,O-BSMA-AC0342,Exp Realty,chris.lefebvre@exprealty.com,"[{'number': '8888547493', 'type': 'Office', 'primary': True, 'ext': None}]","Boston Preparatory Charter Public (District), Boston School District",http://ap.rdcpix.com/4caf5b14bab9c34a374ade9e43753e81l-m1518809596od-w480_h360_x2.webp?w=1080&q=75,"http://ap.rdcpix.com/4caf5b14bab9c34a374ade9e43753e81l-m1518809596od-w480_h360_x2.webp?w=1080&q=75, http://ap.rdcpix.com/4caf5b14bab9c34a374ade9e43753e81l-m2630436563od-w480_h360_x2.webp?w=1080&q=75, http://ap.rdcpix.com/4caf5b14bab9c34a374ade9e43753e81l-m1785344652od-w480_h360_x2.webp?w=1080&q=75, http://ap.rdcpix.com/4caf5b14bab9c34a374ade9e43753e81l-m2952187435od-w480_h360_x2.webp?w=1080&q=75, http://ap.rdcpix.com/4caf5b14bab9c34a374ade9e43753e81l-m3335667581od-w480_h360_x2.webp?w=1080&q=75, http://ap.rdcpix.com/4caf5b14bab9c34a374ade9e43753e81l-m2163021838od-w480_h360_x2.webp?w=1080&q=75, http://ap.rdcpix.com/4caf5b14bab9c34a374ade9e43753e81l-m806590810od-w480_h360_x2.webp?w=1080&q=75, http://ap.rdcpix.com/4caf5b14bab9c34a374ade9e43753e81l-m3740356922od-w480_h360_x2.webp?w=1080&q=75, http://ap.rdcpix.com/4caf5b14bab9c34a374ade9e43753e81l-m204704329od-w480_h360_x2.webp?w=1080&q=75, http://ap.rdcpix.com/4caf5b14bab9c34a374ade9e43753e81l-m1922760512od-w480_h360_x2.webp?w=1080&q=75, http://ap.rdcpix.com/4caf5b14bab9c34a374ade9e43753e81l-m1509842127od-w480_h360_x2.webp?w=1080&q=75, http://ap.rdcpix.com/4caf5b14bab9c34a374ade9e43753e81l-m3378647261od-w480_h360_x2.webp?w=1080&q=75, http://ap.rdcpix.com/4caf5b14bab9c34a374ade9e43753e81l-m3952165746od-w480_h360_x2.webp?w=1080&q=75, http://ap.rdcpix.com/4caf5b14bab9c34a374ade9e43753e81l-m4034591011od-w480_h360_x2.webp?w=1080&q=75, http://ap.rdcpix.com/4caf5b14bab9c34a374ade9e43753e81l-m1576663636od-w480_h360_x2.webp?w=1080&q=75, http://ap.rdcpix.com/4caf5b14bab9c34a374ade9e43753e81l-m1175440514od-w480_h360_x2.webp?w=1080&q=75, http://ap.rdcpix.com/4caf5b14bab9c34a374ade9e43753e81l-m2685199254od-w480_h360_x2.webp?w=1080&q=75, http://ap.rdcpix.com/4caf5b14bab9c34a374ade9e43753e81l-m1496922997od-w480_h360_x2.webp?w=1080&q=75, http://ap.rdcpix.com/4caf5b14bab9c34a374ade9e43753e81l-m3542530568od-w480_h360_x2.webp?w=1080&q=75, http://ap.rdcpix.com/4caf5b14bab9c34a374ade9e43753e81l-m1601459838od-w480_h360_x2.webp?w=1080&q=75, http://ap.rdcpix.com/4caf5b14bab9c34a374ade9e43753e81l-m2262400822od-w480_h360_x2.webp?w=1080&q=75, http://ap.rdcpix.com/4caf5b14bab9c34a374ade9e43753e81l-m3825839803od-w480_h360_x2.webp?w=1080&q=75, http://ap.rdcpix.com/4caf5b14bab9c34a374ade9e43753e81l-m64238086od-w480_h360_x2.webp?w=1080&q=75, http://ap.rdcpix.com/4caf5b14bab9c34a374ade9e43753e81l-m4200988875od-w480_h360_x2.webp?w=1080&q=75",6,Mary Ann's Breakfast & Lunch,624,4.3,0,,,,1,Uplift Behavioral Health Services,911,4.5,0,,,,0,,,,0,,,
https://www.realtor.com/rentals/details/4-Emerson-Pl-Apt-401_Boston_MA_02114_M99505-71412,9950571412,2980256421,YGLT,180008217,FOR_RENT,"Walk along the Thoreau Path to the great lawn or jog along the Esplanade and within minutes, you're on Charles Street for great shopping, restaurants and pubs. Enjoy sporting events and concerts at the Garden just minutes away. Our apartments offer breathtaking panoramic views of the Boston Harbor, the Charles River, Cambridge, Beacon Hill, and the Back Bay. These homes are some of the most spacious, modern, and well-designed living spaces in Boston, complete with private balconies. You'll find a wide array of amenities including an outdoor pool, tennis, basketball court and bocce ball courts, a dog park and grilling areas.",APARTMENT,4 Emerson Pl Apt 401,4 Emerson Pl,Apt 401,Boston,MA,02114,1,1,,881,,0,3555,,,2025-04-06,,,,,,,False,,4,42.364365,-71.068153,"West End, Central",Suffolk,25025,,,,,,,,,,,,,,,,,,,"Community Charter School Of Cambridge (District), Boston School District",http://ap.rdcpix.com/e73221957176db192299fd8f4e3eeba1l-m496330789od-w480_h360_x2.webp?w=1080&q=75,"http://ap.rdcpix.com/e73221957176db192299fd8f4e3eeba1l-m496330789od-w480_h360_x2.webp?w=1080&q=75, http://ap.rdcpix.com/e73221957176db192299fd8f4e3eeba1l-m4117752691od-w480_h360_x2.webp?w=1080&q=75, http://ap.rdcpix.com/e73221957176db192299fd8f4e3eeba1l-m3211911933od-w480_h360_x2.webp?w=1080&q=75, http://ap.rdcpix.com/e73221957176db192299fd8f4e3eeba1l-m19562355od-w480_h360_x2.webp?w=1080&q=75, http://ap.rdcpix.com/e73221957176db192299fd8f4e3eeba1l-m3112135959od-w480_h360_x2.webp?w=1080&q=75",20,Seoul Restaurant,469,4.1,20,Eat Street Cafe,135,4.3,20,MGH Bone Density Center,89,4.9,10,Outpatient Pharmacy,135,3.3,20,Harvard Federal Credit Union,176,3,20,New England Eye & Tissue Bank,329,No rating
https://www.realtor.com/rentals/details/1282-Boylston-St-Unit-530_Boston_MA_02215_M94433-01102,9443301102,2980258667,NENY,M4967267-5232,FOR_RENT,Get lost in the new Fenway and find your way to the impeccably designed apartments of The Viridian. Find your new home. Find your new life. Find Your Element. LUSH URBAN LIVING IN BOSTON Disclaimer: These photos are of like-kind unit 630. Unit 530 will have the same layout but espresso cabinets. Ask leasing agent for details.,APARTMENT,1282 Boylston St Unit 530,1282 Boylston St,Unit 530,Boston,MA,02215,2,2,,1060,2015,0,5250,,,2025-04-06,,,,,,,False,,5,42.344505,-71.097,"West Fenway, Fenway - Kenmore - Audubon Circle - Longwood, Fenway - Kenmore",Suffolk,25025,,,,3225755,Tina Bacci,tbacci@resis.us,,A-NENY-A11043,,,,,,,O-NENY-RESIS,Resis,,"[{'number': None, 'type': None, 'primary': True, 'ext': None}]","Edward M. Kennedy Academy For Health Careers (Horace Mann Ch, Boston School District",http://ap.rdcpix.com/a3f77af07ce192fc23aae4d945b76c92l-m3140384263od-w480_h360_x2.webp?w=1080&q=75,"http://ap.rdcpix.com/a3f77af07ce192fc23aae4d945b76c92l-m3140384263od-w480_h360_x2.webp?w=1080&q=75, http://ap.rdcpix.com/a3f77af07ce192fc23aae4d945b76c92l-m2206648701od-w480_h360_x2.webp?w=1080&q=75, http://ap.rdcpix.com/a3f77af07ce192fc23aae4d945b76c92l-m3016968354od-w480_h360_x2.webp?w=1080&q=75, http://ap.rdcpix.com/a3f77af07ce192fc23aae4d945b76c92l-m1914792070od-w480_h360_x2.webp?w=1080&q=75, http://ap.rdcpix.com/a3f77af07ce192fc23aae4d945b76c92l-m558372243od-w480_h360_x2.webp?w=1080&q=75, http://ap.rdcpix.com/a3f77af07ce192fc23aae4d945b76c92l-m1493884113od-w480_h360_x2.webp?w=1080&q=75, http://ap.rdcpix.com/a3f77af07ce192fc23aae4d945b76c92l-m569721083od-w480_h360_x2.webp?w=1080&q=75, http://ap.rdcpix.com/a3f77af07ce192fc23aae4d945b76c92l-m3651484681od-w480_h360_x2.webp?w=1080&q=75, http://ap.rdcpix.com/a3f77af07ce192fc23aae4d945b76c92l-m4198813771od-w480_h360_x2.webp?w=1080&q=75, http://ap.rdcpix.com/a3f77af07ce192fc23aae4d945b76c92l-m43134102od-w480_h360_x2.webp?w=1080&q=75, http://ap.rdcpix.com/a3f77af07ce192fc23aae4d945b76c92l-m2563126224od-w480_h360_x2.webp?w=1080&q=75, http://ap.rdcpix.com/a3f77af07ce192fc23aae4d945b76c92l-m4041779905od-w480_h360_x2.webp?w=1080&q=75, http://ap.rdcpix.com/a3f77af07ce192fc23aae4d945b76c92l-m1562864510od-w480_h360_x2.webp?w=1080&q=75, http://ap.rdcpix.com/a3f77af07ce192fc23aae4d945b76c92l-m1323277074od-w480_h360_x2.webp?w=1080&q=75, http://ap.rdcpix.com/a3f77af07ce192fc23aae4d945b76c92l-m2295547543od-w480_h360_x2.webp?w=1080&q=75, http://ap.rdcpix.com/a3f77af07ce192fc23aae4d945b76c92l-m3774037796od-w480_h360_x2.webp?w=1080&q=75, http://ap.rdcpix.com/a3f77af07ce192fc23aae4d945b76c92l-m3451771680od-w480_h360_x2.webp?w=1080&q=75, http://ap.rdcpix.com/a3f77af07ce192fc23aae4d945b76c92l-m3489359965od-w480_h360_x2.webp?w=1080&q=75, http://ap.rdcpix.com/a3f77af07ce192fc23aae4d945b76c92l-m2027870364od-w480_h360_x2.webp?w=1080&q=75, http://ap.rdcpix.com/a3f77af07ce192fc23aae4d945b76c92l-m1232175221od-w480_h360_x2.webp?w=1080&q=75, http://ap.rdcpix.com/a3f77af07ce192fc23aae4d945b76c92l-m2034988951od-w480_h360_x2.webp?w=1080&q=75",,,,,,,,,,,,,,,,,,,,,,,,
https://www.realtor.com/rentals/details/59-Colborne-Rd-Apt-3_Boston_MA_02135_M45065-87070,4506587070,2980257652,BSMA,73355526,FOR_RENT,"Available 6/1, NO FEE to listing agent, Prime A+ location. TOTALLY RENOVATED bright and sunny corner unit, 3 rooms, 1 bed, eat in kitchen with all new SS appliances with dishwasher and disposal, hardwood & recess lighting throughout, one car parking, inground POOL for those hot summer day, wall A/C unit. Right on green line T, minute to saint Elizabeth hospital, Cleveland circle, restaurants, Storrow drive and mass pike.(Rent is include heat, hot water and PARKING space #12)",CONDOS,59 Colborne Rd Apt 3,59 Colborne Rd,Apt 3,Boston,MA,02135,1,1,,600,1960,0,2400,,,2025-04-06,307000,2021-07-30,372000,421000,4055,"[{'year': 2024, 'tax': 4055, 'assessment': {'building': 372000, 'land': None, 'total': 372000}}, {'year': 2023, 'tax': 3995, 'assessment': {'building': 372000, 'land': None, 'total': 372000}}, {'year': 2022, 'tax': 3818, 'assessment': {'building': 350900, 'land': None, 'total': 350900}}, {'year': 2021, 'tax': 3712, 'assessment': {'building': 347900, 'land': None, 'total': 347900}}, {'year': 2020, 'tax': 3254, 'assessment': {'building': 308100, 'land': None, 'total': 308100}}, {'year': 2019, 'tax': 3184, 'assessment': {'building': 302100, 'land': None, 'total': 302100}}, {'year': 2018, 'tax': 2961, 'assessment': {'building': 282500, 'land': None, 'total': 282500}}, {'year': 2017, 'tax': 2770, 'assessment': {'building': 261600, 'land': None, 'total': 261600}}, {'year': 2016, 'tax': 2640, 'assessment': {'building': 240000, 'land': None, 'total': 240000}}, {'year': 2015, 'tax': 2806, 'assessment': {'building': 231700, 'land': None, 'total': 231700}}, {'year': 2014, 'tax': 2648, 'assessment': {'building': 210500, 'land': None, 'total': 210500}}, {'year': 2006, 'tax': 2033, 'assessment': {'building': 182800, 'land': None, 'total': 182800}}, {'year': 2005, 'tax': 1840, 'assessment': {'building': 171500, 'land': None, 'total': 171500}}, {'year': 2004, 'tax': 1657, 'assessment': {'building': 163300, 'land': None, 'total': 163300}}]",False,600,4,42.344119,-71.146589,"St. Elizabeth's, Brighton",Suffolk,25025,,,,1287492,DANNY FARHADI,bb983090@mlspin.net,"[{'ext': None, 'primary': True, 'type': 'Home', 'number': '(617) 782-1234'}]",A-BSMA-BB983090,,,,,,,O-BSMA-AC1008,Boston Luxury Homes,,"[{'number': '(617) 212-5727', 'type': 'Mobile', 'primary': True, 'ext': None}]",Boston School District,http://ap.rdcpix.com/17b2dd12dc63fa3249bc51118fd0eac6l-m3271639385od-w480_h360_x2.webp?w=1080&q=75,"http://ap.rdcpix.com/17b2dd12dc63fa3249bc51118fd0eac6l-m3271639385od-w480_h360_x2.webp?w=1080&q=75, http://ap.rdcpix.com/17b2dd12dc63fa3249bc51118fd0eac6l-m3404266794od-w480_h360_x2.webp?w=1080&q=75, http://ap.rdcpix.com/17b2dd12dc63fa3249bc51118fd0eac6l-m2157567390od-w480_h360_x2.webp?w=1080&q=75, http://ap.rdcpix.com/17b2dd12dc63fa3249bc51118fd0eac6l-m2397269698od-w480_h360_x2.webp?w=1080&q=75, http://ap.rdcpix.com/17b2dd12dc63fa3249bc51118fd0eac6l-m1337065467od-w480_h360_x2.webp?w=1080&q=75, http://ap.rdcpix.com/17b2dd12dc63fa3249bc51118fd0eac6l-m2379172836od-w480_h360_x2.webp?w=1080&q=75, http://ap.rdcpix.com/17b2dd12dc63fa3249bc51118fd0eac6l-m1047384418od-w480_h360_x2.webp?w=1080&q=75, http://ap.rdcpix.com/17b2dd12dc63fa3249bc51118fd0eac6l-m3669439781od-w480_h360_x2.webp?w=1080&q=75, http://ap.rdcpix.com/17b2dd12dc63fa3249bc51118fd0eac6l-m3827798712od-w480_h360_x2.webp?w=1080&q=75, http://ap.rdcpix.com/17b2dd12dc63fa3249bc51118fd0eac6l-m110530391od-w480_h360_x2.webp?w=1080&q=75, http://ap.rdcpix.com/17b2dd12dc63fa3249bc51118fd0eac6l-m2755019470od-w480_h360_x2.webp?w=1080&q=75, http://ap.rdcpix.com/17b2dd12dc63fa3249bc51118fd0eac6l-m969888637od-w480_h360_x2.webp?w=1080&q=75, http://ap.rdcpix.com/17b2dd12dc63fa3249bc51118fd0eac6l-m3637283275od-w480_h360_x2.webp?w=1080&q=75, http://ap.rdcpix.com/17b2dd12dc63fa3249bc51118fd0eac6l-m1160324199od-w480_h360_x2.webp?w=1080&q=75, http://ap.rdcpix.com/17b2dd12dc63fa3249bc51118fd0eac6l-m3446085149od-w480_h360_x2.webp?w=1080&q=75, http://ap.rdcpix.com/17b2dd12dc63fa3249bc51118fd0eac6l-m1652280307od-w480_h360_x2.webp?w=1080&q=75, http://ap.rdcpix.com/17b2dd12dc63fa3249bc51118fd0eac6l-m305674350od-w480_h360_x2.webp?w=1080&q=75, http://ap.rdcpix.com/17b2dd12dc63fa3249bc51118fd0eac6l-m611802333od-w480_h360_x2.webp?w=1080&q=75, http://ap.rdcpix.com/17b2dd12dc63fa3249bc51118fd0eac6l-m1934014645od-w480_h360_x2.webp?w=1080&q=75, http://ap.rdcpix.com/17b2dd12dc63fa3249bc51118fd0eac6l-m3794014730od-w480_h360_x2.webp?w=1080&q=75",,,,,,,,,,,,,,,,,,,,,,,,
https://www.realtor.com/rentals/details/93-Colborne-Rd_Boston_MA_02135_M39338-26501,3933826501,2980256709,BSMA,73355511,FOR_RENT,"Great layout with common area on one side and private living on the other. Foyer space immediately off the entrance serves as a perfect space for coats & shoes or a desk and leads to a spacious front porch which looks out onto a quiet tree-lined street. Spacious living room with lots of windows and a dining room with charming built in cabinets and new designer light fixtures. Large eat-in kitchen with a pantry that features in unit laundry hook-up. Two large bedrooms each of which can easily fit a queen sized bed with room to spare.Deep closets throughout the unit and pantry space off the kitchen. Front and rear porches with one off-street parking spot! Close to B line train, Whole Foods, Brighton Center, and Commonwealth Ave.",TOWNHOMES,93 Colborne Rd Unit 93,93 Colborne Rd,Unit 93,Boston,MA,02135,2,1,,1300,,0,3200,,,2025-04-06,424625,2000-08-30,974900,1111384,10626,"[{'year': 2024, 'tax': 10626, 'assessment': {'building': 675900, 'land': 299000, 'total': 974900}}, {'year': 2023, 'tax': 10470, 'assessment': {'building': 675900, 'land': 299000, 'total': 974900}}, {'year': 2022, 'tax': 10607, 'assessment': {'building': 675900, 'land': 299000, 'total': 974900}}, {'year': 2021, 'tax': 10099, 'assessment': {'building': 656200, 'land': 290300, 'total': 946500}}, {'year': 2020, 'tax': 9397, 'assessment': {'building': 611200, 'land': 278700, 'total': 889900}}, {'year': 2019, 'tax': 8767, 'assessment': {'building': 622900, 'land': 208900, 'total': 831800}}, {'year': 2018, 'tax': 8222, 'assessment': {'building': 575600, 'land': 208900, 'total': 784500}}, {'year': 2017, 'tax': 7912, 'assessment': {'building': 538200, 'land': 208900, 'total': 747100}}, {'year': 2016, 'tax': 7340, 'assessment': {'building': 458400, 'land': 208900, 'total': 667300}}, {'year': 2015, 'tax': 7133, 'assessment': {'building': 384400, 'land': 204600, 'total': 589000}}, {'year': 2014, 'tax': 6420, 'assessment': {'building': 305700, 'land': 204600, 'total': 510300}}, {'year': 2006, 'tax': 6020, 'assessment': {'building': 411300, 'land': 130100, 'total': 541400}}, {'year': 2005, 'tax': 5715, 'assessment': {'building': 402500, 'land': 130100, 'total': 532600}}, {'year': 2004, 'tax': 5035, 'assessment': {'building': 366000, 'land': 130100, 'total': 496100}}]",False,999999,2,42.344682,-71.148513,"St. Elizabeth's, Brighton",Suffolk,25025,,0,,,null Ad Advisors Team,team@theadadvisors.com,"[{'ext': None, 'primary': True, 'type': None, 'number': '6178694907'}]",A-BSMA-TM359421,,,,,,,O-BSMA-AN7557,Block Realty,,"[{'number': '(857) 212-6161', 'type': 'Mobile', 'primary': True, 'ext': None}]",Boston School District,http://ap.rdcpix.com/368ee1721a5e7bfaaa4c1e5f6059112el-m105896548od-w480_h360_x2.webp?w=1080&q=75,"http://ap.rdcpix.com/368ee1721a5e7bfaaa4c1e5f6059112el-m105896548od-w480_h360_x2.webp?w=1080&q=75, http://ap.rdcpix.com/368ee1721a5e7bfaaa4c1e5f6059112el-m626749489od-w480_h360_x2.webp?w=1080&q=75, http://ap.rdcpix.com/368ee1721a5e7bfaaa4c1e5f6059112el-m1642106333od-w480_h360_x2.webp?w=1080&q=75, http://ap.rdcpix.com/368ee1721a5e7bfaaa4c1e5f6059112el-m4236682937od-w480_h360_x2.webp?w=1080&q=75, http://ap.rdcpix.com/368ee1721a5e7bfaaa4c1e5f6059112el-m1215083118od-w480_h360_x2.webp?w=1080&q=75, http://ap.rdcpix.com/368ee1721a5e7bfaaa4c1e5f6059112el-m2814448142od-w480_h360_x2.webp?w=1080&q=75, http://ap.rdcpix.com/368ee1721a5e7bfaaa4c1e5f6059112el-m1955087235od-w480_h360_x2.webp?w=1080&q=75, http://ap.rdcpix.com/368ee1721a5e7bfaaa4c1e5f6059112el-m166564729od-w480_h360_x2.webp?w=1080&q=75, http://ap.rdcpix.com/368ee1721a5e7bfaaa4c1e5f6059112el-m1691384109od-w480_h360_x2.webp?w=1080&q=75, http://ap.rdcpix.com/368ee1721a5e7bfaaa4c1e5f6059112el-m2271802185od-w480_h360_x2.webp?w=1080&q=75, http://ap.rdcpix.com/368ee1721a5e7bfaaa4c1e5f6059112el-m1402528353od-w480_h360_x2.webp?w=1080&q=75, http://ap.rdcpix.com/368ee1721a5e7bfaaa4c1e5f6059112el-m3672229799od-w480_h360_x2.webp?w=1080&q=75, http://ap.rdcpix.com/368ee1721a5e7bfaaa4c1e5f6059112el-m2590641468od-w480_h360_x2.webp?w=1080&q=75, http://ap.rdcpix.com/368ee1721a5e7bfaaa4c1e5f6059112el-m183011323od-w480_h360_x2.webp?w=1080&q=75, http://ap.rdcpix.com/368ee1721a5e7bfaaa4c1e5f6059112el-m2414826167od-w480_h360_x2.webp?w=1080&q=75, http://ap.rdcpix.com/368ee1721a5e7bfaaa4c1e5f6059112el-m1091312828od-w480_h360_x2.webp?w=1080&q=75, http://ap.rdcpix.com/368ee1721a5e7bfaaa4c1e5f6059112el-m4155351909od-w480_h360_x2.webp?w=1080&q=75, http://ap.rdcpix.com/368ee1721a5e7bfaaa4c1e5f6059112el-m401143123od-w480_h360_x2.webp?w=1080&q=75, http://ap.rdcpix.com/368ee1721a5e7bfaaa4c1e5f6059112el-m2746796757od-w480_h360_x2.webp?w=1080&q=75, http://ap.rdcpix.com/368ee1721a5e7bfaaa4c1e5f6059112el-m665986103od-w480_h360_x2.webp?w=1080&q=75, http://ap.rdcpix.com/368ee1721a5e7bfaaa4c1e5f6059112el-m2200904296od-w480_h360_x2.webp?w=1080&q=75",,,,,,,,,,,,,,,,,,,,,,,,
https://www.realtor.com/rentals/details/18-Saint-Peter-St-Apt-3_Boston_MA_02130_M93972-66705,9397266705,2980257593,AVAL,61326252,FOR_RENT,"Very spacious, nicely renovated top floor two bedroom in Jamaica Plain. Fully applianced kitchen, private deck, moments from the Orange Line (Stony Brook), Jamaica Plain, shopping & more. Can be available for May 1st, or June 1st. New pictures coming April 7th.",APARTMENT,18 St Peter St Unit 3,18 St Peter St,Unit 3,Boston,MA,02130,2,1,,1188,,0,3250,,,2025-04-06,,,,,,,False,,3,42.318459,-71.107758,"Jamaica Plain, Hyde Square",Suffolk,25025,,,,,,,,,,,,,,,,,,,"Boston School District, Roxbury Preparatory Charter (District)",http://ap.rdcpix.com/ad47af4a2726cc40e42600a677d33cb1l-m1207568772od-w480_h360_x2.webp?w=1080&q=75,http://ap.rdcpix.com/ad47af4a2726cc40e42600a677d33cb1l-m1207568772od-w480_h360_x2.webp?w=1080&q=75,,,,,,,,,,,,,,,,,,,,,,,,
https://www.realtor.com/rentals/details/4-Monument-Sq-Apt-6_Boston_MA_02129_M36383-00760,3638300760,2980258072,BSMA,73355535,FOR_RENT,"Live your best life in this fabulous huge 1+bedroom, 1-bath penthouse perched right on iconic Monument Square! This super bright and spacious top-floor gem blends historic charm with modern flair inside a beautiful brick building. High ceilings, hardwood floors, wood burning fireplace with marble mantel, picture windows, washer/dryer in unit. Soak up the sun (and the views!) on your private roof deck, perfect for morning coffee, evening wine, and everything in between. TWO parking spaces for compact cars because city living shouldnt mean circling the block. This ones got character, convenience, and a killer location. Dont miss it! PROPERTY COMES COMPLETELY FURNISHED",CONDOS,4 Monument Sq Apt 6,4 Monument Sq,Apt 6,Boston,MA,02129,2,1,,1250,1890,0,4800,,,2025-04-06,595000,2004-03-05,1126200,1303000,12276,"[{'year': 2024, 'tax': 12276, 'assessment': {'building': 1126200, 'land': None, 'total': 1126200}}, {'year': 2023, 'tax': 11510, 'assessment': {'building': 1071700, 'land': None, 'total': 1071700}}, {'year': 2022, 'tax': 11210, 'assessment': {'building': 1030300, 'land': None, 'total': 1030300}}, {'year': 2021, 'tax': 10778, 'assessment': {'building': 1010100, 'land': None, 'total': 1010100}}, {'year': 2020, 'tax': 10652, 'assessment': {'building': 1008700, 'land': None, 'total': 1008700}}, {'year': 2019, 'tax': 9933, 'assessment': {'building': 942400, 'land': None, 'total': 942400}}, {'year': 2018, 'tax': 9407, 'assessment': {'building': 897600, 'land': None, 'total': 897600}}, {'year': 2017, 'tax': 9224, 'assessment': {'building': 871000, 'land': None, 'total': 871000}}, {'year': 2016, 'tax': 9126, 'assessment': {'building': 829600, 'land': None, 'total': 829600}}, {'year': 2015, 'tax': 9374, 'assessment': {'building': 774100, 'land': None, 'total': 774100}}, {'year': 2014, 'tax': 8670, 'assessment': {'building': 689200, 'land': None, 'total': 689200}}, {'year': 2006, 'tax': 6460, 'assessment': {'building': 580900, 'land': None, 'total': 580900}}, {'year': 2005, 'tax': 5444, 'assessment': {'building': 507400, 'land': None, 'total': 507400}}, {'year': 2004, 'tax': 5150, 'assessment': {'building': 507400, 'land': None, 'total': 507400}}]",False,1250,4,42.375487,-71.059892,"Thompson Square - Bunker Hill, Charlestown, Monument Square Historic District",Suffolk,25025,,,,252208,Eve Dougherty,eve@compass.com,"[{'ext': None, 'primary': True, 'type': 'Mobile', 'number': '6178385884'}, {'ext': None, 'primary': True, 'type': 'Office', 'number': '6172063333'}]",A-BSMA-BB806816,449540212,2107942,Compass,,,2997626,O-BSMA-AN2383,COMPASS,listings@compass.com,"[{'number': '6172063333', 'type': 'Mobile', 'primary': True, 'ext': None}]","Community Charter School Of Cambridge (District), Boston School District",http://ap.rdcpix.com/7c22688f45f4b74603c6ec564a60c024l-m4175693272od-w480_h360_x2.webp?w=1080&q=75,"http://ap.rdcpix.com/7c22688f45f4b74603c6ec564a60c024l-m4175693272od-w480_h360_x2.webp?w=1080&q=75, http://ap.rdcpix.com/7c22688f45f4b74603c6ec564a60c024l-m1842232860od-w480_h360_x2.webp?w=1080&q=75, http://ap.rdcpix.com/7c22688f45f4b74603c6ec564a60c024l-m746043986od-w480_h360_x2.webp?w=1080&q=75, http://ap.rdcpix.com/7c22688f45f4b74603c6ec564a60c024l-m346158342od-w480_h360_x2.webp?w=1080&q=75, http://ap.rdcpix.com/7c22688f45f4b74603c6ec564a60c024l-m3241409220od-w480_h360_x2.webp?w=1080&q=75, http://ap.rdcpix.com/7c22688f45f4b74603c6ec564a60c024l-m4199308937od-w480_h360_x2.webp?w=1080&q=75, http://ap.rdcpix.com/7c22688f45f4b74603c6ec564a60c024l-m2877751099od-w480_h360_x2.webp?w=1080&q=75, http://ap.rdcpix.com/7c22688f45f4b74603c6ec564a60c024l-m3359683124od-w480_h360_x2.webp?w=1080&q=75, http://ap.rdcpix.com/7c22688f45f4b74603c6ec564a60c024l-m898183805od-w480_h360_x2.webp?w=1080&q=75, http://ap.rdcpix.com/7c22688f45f4b74603c6ec564a60c024l-m2976518201od-w480_h360_x2.webp?w=1080&q=75, http://ap.rdcpix.com/7c22688f45f4b74603c6ec564a60c024l-m1347827844od-w480_h360_x2.webp?w=1080&q=75, http://ap.rdcpix.com/7c22688f45f4b74603c6ec564a60c024l-m2355394808od-w480_h360_x2.webp?w=1080&q=75, http://ap.rdcpix.com/7c22688f45f4b74603c6ec564a60c024l-m1612260009od-w480_h360_x2.webp?w=1080&q=75, http://ap.rdcpix.com/7c22688f45f4b74603c6ec564a60c024l-m2340985949od-w480_h360_x2.webp?w=1080&q=75, http://ap.rdcpix.com/7c22688f45f4b74603c6ec564a60c024l-m1334444816od-w480_h360_x2.webp?w=1080&q=75, http://ap.rdcpix.com/7c22688f45f4b74603c6ec564a60c024l-m1043368920od-w480_h360_x2.webp?w=1080&q=75, http://ap.rdcpix.com/7c22688f45f4b74603c6ec564a60c024l-m2848328739od-w480_h360_x2.webp?w=1080&q=75",,,,,,,,,,,,,,,,,,,,,,,,
https://www.realtor.com/rentals/details/188-Brookline-Ave-Unit-24G_Boston_MA_02215_M95607-65293,9560765293,2980259559,BSMA,73355554,FOR_RENT,"Wake up in the clouds with this Airy Jr. 1 BR, 1 BA with Recessed Lighting Throughout, Walk In Closet & Stunning Vistas of Boston's Skyline, Emerald Necklace Parks and beyond at PIERCE BOSTON by ARQUITECTONICA: Fenways TALLEST TOWER&FLAGSHIP 5 STAR FULL SERVICE address. Full Sized Kitchen w/Wolf+Subzero appliances & Bosch Dishwasher. Separate Queen Sized BR with Sliding Door&Adjacent oversized Walk In Closet with In Unit W/D. Sleek BA w/Glass Shower, Separate Handheld&Large Linen Storage. European Oak Fls, W/D, 9'6'' ceilings complete this home. A service rich lifestyle awaits w/curated 20, 000SF of amenities designed as extension of home: 24/7 Concierge, Porter&20, 000SF of amenities across 3fls: City's Highest Pool/Spa, Sky Deck, Cocktail Lounge, Library, Private Dining, 2500SF Fitness+Yoga, 2 acclaimed dining onsite&more.World Class cultural institutions, dining, green space, Whole Foods, TimeOut Market, MFA, Isabella Stewart M+biotech epicenter at its doorsteps. Rental Parking Avail",CONDOS,188 Brookline Ave Unit 24G,188 Brookline Ave,Unit 24G,Boston,MA,02215,1,1,,612,2018,0,4200,,,2025-04-06,,,916400,1252000,9989,"[{'year': 2024, 'tax': 9989, 'assessment': {'building': 916400, 'land': None, 'total': 916400}}, {'year': 2023, 'tax': 9548, 'assessment': {'building': 889000, 'land': None, 'total': 889000}}, {'year': 2022, 'tax': 9486, 'assessment': {'building': 871900, 'land': None, 'total': 871900}}, {'year': 2021, 'tax': 9121, 'assessment': {'building': 854800, 'land': None, 'total': 854800}}, {'year': 2020, 'tax': 8612, 'assessment': {'building': 815500, 'land': None, 'total': 815500}}]",False,,7,42.343804,-71.101638,"West Fenway, Fenway - Kenmore, Fenway - Kenmore - Audubon Circle - Longwood",Suffolk,25025,,,,,null Jennie & Eddie Luxury Living Boston Team,tm338149@mlspin.net,"[{'ext': None, 'primary': True, 'type': None, 'number': '6174070363'}]",A-BSMA-TM338149,,,,,,,O-BSMA-AC0566,Regatta Realty,,"[{'number': '(617) 982-7012', 'type': 'Office', 'primary': True, 'ext': None}]","Match Charter Public School (District), Edward M. Kennedy Academy For Health Careers (Horace Mann Ch, Boston School District, Roxbury Preparatory Charter (District)",http://ap.rdcpix.com/909cabb439b3e8473eea31b0314af372l-m2465600754od-w480_h360_x2.webp?w=1080&q=75,"http://ap.rdcpix.com/909cabb439b3e8473eea31b0314af372l-m2465600754od-w480_h360_x2.webp?w=1080&q=75, http://ap.rdcpix.com/909cabb439b3e8473eea31b0314af372l-m2755184671od-w480_h360_x2.webp?w=1080&q=75, http://ap.rdcpix.com/909cabb439b3e8473eea31b0314af372l-m3719943224od-w480_h360_x2.webp?w=1080&q=75, http://ap.rdcpix.com/909cabb439b3e8473eea31b0314af372l-m2118826714od-w480_h360_x2.webp?w=1080&q=75, http://ap.rdcpix.com/909cabb439b3e8473eea31b0314af372l-m2324392783od-w480_h360_x2.webp?w=1080&q=75, http://ap.rdcpix.com/909cabb439b3e8473eea31b0314af372l-m2439102873od-w480_h360_x2.webp?w=1080&q=75, http://ap.rdcpix.com/909cabb439b3e8473eea31b0314af372l-m1878736380od-w480_h360_x2.webp?w=1080&q=75, http://ap.rdcpix.com/909cabb439b3e8473eea31b0314af372l-m3881881111od-w480_h360_x2.webp?w=1080&q=75, http://ap.rdcpix.com/909cabb439b3e8473eea31b0314af372l-m3704613923od-w480_h360_x2.webp?w=1080&q=75, http://ap.rdcpix.com/909cabb439b3e8473eea31b0314af372l-m2567955794od-w480_h360_x2.webp?w=1080&q=75, http://ap.rdcpix.com/909cabb439b3e8473eea31b0314af372l-m2501058104od-w480_h360_x2.webp?w=1080&q=75, http://ap.rdcpix.com/909cabb439b3e8473eea31b0314af372l-m3532949869od-w480_h360_x2.webp?w=1080&q=75, http://ap.rdcpix.com/909cabb439b3e8473eea31b0314af372l-m3050139797od-w480_h360_x2.webp?w=1080&q=75, http://ap.rdcpix.com/909cabb439b3e8473eea31b0314af372l-m931415537od-w480_h360_x2.webp?w=1080&q=75, http://ap.rdcpix.com/909cabb439b3e8473eea31b0314af372l-m2236244825od-w480_h360_x2.webp?w=1080&q=75, http://ap.rdcpix.com/909cabb439b3e8473eea31b0314af372l-m1329246137od-w480_h360_x2.webp?w=1080&q=75, http://ap.rdcpix.com/909cabb439b3e8473eea31b0314af372l-m2036353805od-w480_h360_x2.webp?w=1080&q=75, http://ap.rdcpix.com/909cabb439b3e8473eea31b0314af372l-m662638548od-w480_h360_x2.webp?w=1080&q=75, http://ap.rdcpix.com/909cabb439b3e8473eea31b0314af372l-m2354117820od-w480_h360_x2.webp?w=1080&q=75, http://ap.rdcpix.com/909cabb439b3e8473eea31b0314af372l-m3548922201od-w480_h360_x2.webp?w=1080&q=75, http://ap.rdcpix.com/909cabb439b3e8473eea31b0314af372l-m4173168316od-w480_h360_x2.webp?w=1080&q=75, http://ap.rdcpix.com/909cabb439b3e8473eea31b0314af372l-m1099767265od-w480_h360_x2.webp?w=1080&q=75, http://ap.rdcpix.com/909cabb439b3e8473eea31b0314af372l-m2888731688od-w480_h360_x2.webp?w=1080&q=75, http://ap.rdcpix.com/909cabb439b3e8473eea31b0314af372l-m3150877430od-w480_h360_x2.webp?w=1080&q=75, http://ap.rdcpix.com/909cabb439b3e8473eea31b0314af372l-m2969479435od-w480_h360_x2.webp?w=1080&q=75, http://ap.rdcpix.com/909cabb439b3e8473eea31b0314af372l-m3373052482od-w480_h360_x2.webp?w=1080&q=75, http://ap.rdcpix.com/909cabb439b3e8473eea31b0314af372l-m3607074413od-w480_h360_x2.webp?w=1080&q=75, http://ap.rdcpix.com/909cabb439b3e8473eea31b0314af372l-m4210508540od-w480_h360_x2.webp?w=1080&q=75, http://ap.rdcpix.com/909cabb439b3e8473eea31b0314af372l-m203966810od-w480_h360_x2.webp?w=1080&q=75, http://ap.rdcpix.com/909cabb439b3e8473eea31b0314af372l-m3638944668od-w480_h360_x2.webp?w=1080&q=75, http://ap.rdcpix.com/909cabb439b3e8473eea31b0314af372l-m1312904018od-w480_h360_x2.webp?w=1080&q=75, http://ap.rdcpix.com/909cabb439b3e8473eea31b0314af372l-m4040493147od-w480_h360_x2.webp?w=1080&q=75, http://ap.rdcpix.com/909cabb439b3e8473eea31b0314af372l-m2322390262od-w480_h360_x2.webp?w=1080&q=75, http://ap.rdcpix.com/909cabb439b3e8473eea31b0314af372l-m1484152730od-w480_h360_x2.webp?w=1080&q=75, http://ap.rdcpix.com/909cabb439b3e8473eea31b0314af372l-m2807524607od-w480_h360_x2.webp?w=1080&q=75, http://ap.rdcpix.com/909cabb439b3e8473eea31b0314af372l-m3886979897od-w480_h360_x2.webp?w=1080&q=75, http://ap.rdcpix.com/909cabb439b3e8473eea31b0314af372l-m3920339849od-w480_h360_x2.webp?w=1080&q=75, http://ap.rdcpix.com/909cabb439b3e8473eea31b0314af372l-m1700891150od-w480_h360_x2.webp?w=1080&q=75, http://ap.rdcpix.com/909cabb439b3e8473eea31b0314af372l-m3241299389od-w480_h360_x2.webp?w=1080&q=75, http://ap.rdcpix.com/909cabb439b3e8473eea31b0314af372l-m3815890260od-w480_h360_x2.webp?w=1080&q=75, http://ap.rdcpix.com/909cabb439b3e8473eea31b0314af372l-m3665695297od-w480_h360_x2.webp?w=1080&q=75",,,,,,,,,,,,,,,,,,,,,,,,
https://www.realtor.com/rentals/details/44A-Joy-St-2_Boston_MA_02114_M95343-89648,9534389648,2980257020,AVAL,61326212,FOR_RENT,"Spacious affordable 1 bedroom with livingroom, full kitchen and bathroom in Beacon Hill on Joy Street. Close proximity to Statehouse, Charles Street, MGH, and Boston Commons. Professional only building, pets considered, 12 months lease. Photos may be similar unit in building.",APARTMENT,44A Joy St Unit 2,44A Joy St,Unit 2,Boston,MA,02114,1,1,,500,,0,2500,,,2025-04-06,,,,,,,False,,5,42.359886,-71.065231,"Fenway - Kenmore, North Slope, Beacon Hill",Suffolk,25025,,,,,,,,,,,,,,,,,,,"Community Charter School Of Cambridge (District), Boston School District",http://ap.rdcpix.com/b8854c8db2112e6ae6de195f30f5822el-m531016576od-w480_h360_x2.webp?w=1080&q=75,"http://ap.rdcpix.com/b8854c8db2112e6ae6de195f30f5822el-m531016576od-w480_h360_x2.webp?w=1080&q=75, http://ap.rdcpix.com/b8854c8db2112e6ae6de195f30f5822el-m3087956385od-w480_h360_x2.webp?w=1080&q=75, http://ap.rdcpix.com/b8854c8db2112e6ae6de195f30f5822el-m2248935881od-w480_h360_x2.webp?w=1080&q=75, http://ap.rdcpix.com/b8854c8db2112e6ae6de195f30f5822el-m2217729831od-w480_h360_x2.webp?w=1080&q=75, http://ap.rdcpix.com/b8854c8db2112e6ae6de195f30f5822el-m153782218od-w480_h360_x2.webp?w=1080&q=75, http://ap.rdcpix.com/b8854c8db2112e6ae6de195f30f5822el-m1537086605od-w480_h360_x2.webp?w=1080&q=75",,,,,,,,,,,,,,,,,,,,,,,,
https://www.realtor.com/rentals/details/53-Westmount-Ave-2_Boston_MA_02132_M92842-55666,9284255666,2980256898,BSMA,73355514,FOR_RENT,"Good layout apartment in a great neighborhood of West Roxbury- 2 bedrooms and 1 bath with a formal living room/ dining room area as well as an eat-in kitchen. Hardwood floors throughout the unit. Laundry is in the basement. Come with 1 parking spot in the garage. Plenty of street parking spaces right in front of the unit. Convenient location - a step away for a MBTA bus (#37), 0.1 mile away from the West Roxbury MBTA station and convenient/ grocery stores around the corner. Available on June 1, 2025. Credit score (720+) and stable income source are required.",APARTMENT,53 Westmount Ave Unit 2,53 Westmount Ave,Unit 2,Boston,MA,02132,2,1,,1000,,0,2600,,,2025-04-06,,,,,,,False,1000,3,42.282425,-71.161461,"West Roxbury, Brook Farm",Suffolk,25025,,0,,2862915,Stella Leung,ct004725@mlspin.net,"[{'ext': None, 'primary': True, 'type': 'Home', 'number': '6176537142'}]",A-BSMA-CT004725,,,,,,2861429,O-BSMA-BB4796,V & E Realty,,"[{'number': '6177869399', 'type': 'Office', 'primary': True, 'ext': None}]","Brooke Charter Schools, Boston School District",http://ap.rdcpix.com/af944d936b2f71c87bf9b626b52c338fl-m584343003od-w480_h360_x2.webp?w=1080&q=75,"http://ap.rdcpix.com/af944d936b2f71c87bf9b626b52c338fl-m584343003od-w480_h360_x2.webp?w=1080&q=75, http://ap.rdcpix.com/af944d936b2f71c87bf9b626b52c338fl-m2489582977od-w480_h360_x2.webp?w=1080&q=75, http://ap.rdcpix.com/af944d936b2f71c87bf9b626b52c338fl-m3564311887od-w480_h360_x2.webp?w=1080&q=75, http://ap.rdcpix.com/af944d936b2f71c87bf9b626b52c338fl-m1429420874od-w480_h360_x2.webp?w=1080&q=75, http://ap.rdcpix.com/af944d936b2f71c87bf9b626b52c338fl-m2521487019od-w480_h360_x2.webp?w=1080&q=75, http://ap.rdcpix.com/af944d936b2f71c87bf9b626b52c338fl-m1892097372od-w480_h360_x2.webp?w=1080&q=75, http://ap.rdcpix.com/af944d936b2f71c87bf9b626b52c338fl-m2314039265od-w480_h360_x2.webp?w=1080&q=75, http://ap.rdcpix.com/af944d936b2f71c87bf9b626b52c338fl-m100503084od-w480_h360_x2.webp?w=1080&q=75, http://ap.rdcpix.com/af944d936b2f71c87bf9b626b52c338fl-m3285003023od-w480_h360_x2.webp?w=1080&q=75, http://ap.rdcpix.com/af944d936b2f71c87bf9b626b52c338fl-m827031671od-w480_h360_x2.webp?w=1080&q=75",,,,,,,,,,,,,,,,,,,,,,,,
https://www.realtor.com/rentals/details/55-Traveler-St-Apt-609_Boston_MA_02118_M33590-07162,3359007162,2980256410,YGLT,220024250,FOR_RENT,"A/C, Additional Storage, Availability 24 Hours, Cable Satellite, Club House, Concierge, Controlled Access, Dish Washer, Elevator, Free Weights, Group Excercise, Guest Room, High Speed, Individual Climate Control, Large Closets, Laundry, Pool, Rec Room, Short Term Lease, Sundeck, TV Lounge, View, Window Coverings",APARTMENT,55 Traveler St Apt 609,55 Traveler St,Apt 609,Boston,MA,02118,0,1,,469,,0,3040,,,2025-04-06,,,,,,,False,,6,42.34364,-71.06268,"Fenway - Kenmore, South End, Shawmut",Suffolk,25025,,,,,,,,,,,,,,,,,,,Boston School District,http://ap.rdcpix.com/266e6e1b44b9cedc6103ceddc0093c40l-m2789049919od-w480_h360_x2.webp?w=1080&q=75,"http://ap.rdcpix.com/266e6e1b44b9cedc6103ceddc0093c40l-m2789049919od-w480_h360_x2.webp?w=1080&q=75, http://ap.rdcpix.com/266e6e1b44b9cedc6103ceddc0093c40l-m3701476768od-w480_h360_x2.webp?w=1080&q=75, http://ap.rdcpix.com/266e6e1b44b9cedc6103ceddc0093c40l-m1499828081od-w480_h360_x2.webp?w=1080&q=75, http://ap.rdcpix.com/266e6e1b44b9cedc6103ceddc0093c40l-m3701074457od-w480_h360_x2.webp?w=1080&q=75, http://ap.rdcpix.com/266e6e1b44b9cedc6103ceddc0093c40l-m3556743454od-w480_h360_x2.webp?w=1080&q=75, http://ap.rdcpix.com/266e6e1b44b9cedc6103ceddc0093c40l-m58230193od-w480_h360_x2.webp?w=1080&q=75, http://ap.rdcpix.com/266e6e1b44b9cedc6103ceddc0093c40l-m3496760425od-w480_h360_x2.webp?w=1080&q=75, http://ap.rdcpix.com/266e6e1b44b9cedc6103ceddc0093c40l-m1795714829od-w480_h360_x2.webp?w=1080&q=75, http://ap.rdcpix.com/266e6e1b44b9cedc6103ceddc0093c40l-m564721402od-w480_h360_x2.webp?w=1080&q=75, http://ap.rdcpix.com/266e6e1b44b9cedc6103ceddc0093c40l-m3738257006od-w480_h360_x2.webp?w=1080&q=75, http://ap.rdcpix.com/266e6e1b44b9cedc6103ceddc0093c40l-m2038506872od-w480_h360_x2.webp?w=1080&q=75, http://ap.rdcpix.com/266e6e1b44b9cedc6103ceddc0093c40l-m3225097898od-w480_h360_x2.webp?w=1080&q=75, http://ap.rdcpix.com/266e6e1b44b9cedc6103ceddc0093c40l-m226457976od-w480_h360_x2.webp?w=1080&q=75, http://ap.rdcpix.com/266e6e1b44b9cedc6103ceddc0093c40l-m3887236874od-w480_h360_x2.webp?w=1080&q=75, http://ap.rdcpix.com/266e6e1b44b9cedc6103ceddc0093c40l-m1721540661od-w480_h360_x2.webp?w=1080&q=75, http://ap.rdcpix.com/266e6e1b44b9cedc6103ceddc0093c40l-m3915277273od-w480_h360_x2.webp?w=1080&q=75, http://ap.rdcpix.com/266e6e1b44b9cedc6103ceddc0093c40l-m1651445480od-w480_h360_x2.webp?w=1080&q=75, http://ap.rdcpix.com/266e6e1b44b9cedc6103ceddc0093c40l-m3294246486od-w480_h360_x2.webp?w=1080&q=75, http://ap.rdcpix.com/266e6e1b44b9cedc6103ceddc0093c40l-m3599533954od-w480_h360_x2.webp?w=1080&q=75",,,,,,,,,,,,,,,,,,,,,,,,
https://www.realtor.com/rentals/details/91-Gordon-St-Apt-11_Brighton_MA_02135_M94917-29189,9491729189,2980256406,YGLT,247953554,FOR_RENT,"AVAILABLE MARCH - for 12 month lease- studio-1bath Amazing studio bedroom apartment with carpet floors throughout -bright large living room area - laundry in building. Green Line B line T station right outside. Walk to Allston T stop or Grigg's T stop on the train giving access to Boston University in a snap! Major supermarket access. Close to the 57, 66, and 65 bus lines to Cambridge and Longwood Medical areas as well as Harvard University and Central Square. There is laundry downstairs which is coin operated. To view this apartment or for any questions, please send inquires about this apartment to David",APARTMENT,91 Gordon St Apt 11,91 Gordon St,Apt 11,Brighton,MA,02135,0,1,,400,,0,1825,,,2025-04-06,,,,,,,False,,5,42.349869,-71.140137,"St. Elizabeth's, Brighton",Suffolk,25025,,,,,,,,,,,,,,,,,,,Boston School District,http://ap.rdcpix.com/266b119d4fa3adff5e9d8d5b57b7a7d2l-m3451811852od-w480_h360_x2.webp?w=1080&q=75,"http://ap.rdcpix.com/266b119d4fa3adff5e9d8d5b57b7a7d2l-m3451811852od-w480_h360_x2.webp?w=1080&q=75, http://ap.rdcpix.com/266b119d4fa3adff5e9d8d5b57b7a7d2l-m539014647od-w480_h360_x2.webp?w=1080&q=75, http://ap.rdcpix.com/266b119d4fa3adff5e9d8d5b57b7a7d2l-m3603432423od-w480_h360_x2.webp?w=1080&q=75, http://ap.rdcpix.com/266b119d4fa3adff5e9d8d5b57b7a7d2l-m2240367217od-w480_h360_x2.webp?w=1080&q=75, http://ap.rdcpix.com/266b119d4fa3adff5e9d8d5b57b7a7d2l-m1031128629od-w480_h360_x2.webp?w=1080&q=75, http://ap.rdcpix.com/266b119d4fa3adff5e9d8d5b57b7a7d2l-m2388671166od-w480_h360_x2.webp?w=1080&q=75",,,,,,,,,,,,,,,,,,,,,,,,
https://www.realtor.com/rentals/details/36-S-Huntington-Ave-Apt-8_Boston_MA_02130_M94589-49250,9458949250,2980256424,YGLT,388773566,FOR_RENT,"AVAILABLE FOR FEBRUARY or MARCH - Freshly painted, cleaned and new carpeting. Cozy 1 bedroom apartment on South Huntington Ave. Located minutes from the T. Quiet, 3rd floor, rear facing apartment. Open kitchen & living room area layout. New carpet in living room area and bedroom. Updated bathroom. Built-in a/c. Call or email David Tenant pays for utilities. Laundry in the building. Square footage is approximate. Video walkthrough tour available, just ask for the link! All information provided in this listing is deemed reliable but not guaranteed - Agent assumes no responsibility for any errors, omissions, or inaccuracies contained herein. Units rent quickly! Unit may or may not be available- NO broker fee on this unit 36 S. Huntington Ave. in Jamaica Plain, MA, is situated in a vibrant neighborhood with a mix of historic homes, modern apartments, and green spaces. Conveniently located near the Longwood Medical Area and downtown Boston, it offers excellent access to public transit via the closest MBTA Green Line stop to 36 S. Huntington Ave. is Back of the Hill Station on the E Branch (Heath Street) and nearby bus routes. Easy access to Northeastern, Mass Art, and Wentworth colleges. Access to Brigham and Women's, Beth Israel, and Boston Children's. The area is close to Jamaica Pond and Arnold Arboretum, providing ample opportunities for outdoor activities, while Centre Street offers a variety of dining and shopping options. Jamaica Plain combines urban living with a welcoming, community-oriented atmosphere.",APARTMENT,36 S Huntington Ave Apt 8,36 S Huntington Ave,Apt 8,Boston,MA,02130,1,1,,600,,0,2025,,,2025-04-06,,,,,,,False,,3,42.331043,-71.111427,"Mission Hill, Fenway - Kenmore",Suffolk,25025,,,,,,,,,,,,,,,,,,,"Boston School District, Edward M. Kennedy Academy For Health Careers (Horace Mann Ch, Roxbury Preparatory Charter (District)",http://ap.rdcpix.com/e196bb5a305eba95c01f6527a7e8e7b2l-m1367123348od-w480_h360_x2.webp?w=1080&q=75,"http://ap.rdcpix.com/e196bb5a305eba95c01f6527a7e8e7b2l-m1367123348od-w480_h360_x2.webp?w=1080&q=75, http://ap.rdcpix.com/e196bb5a305eba95c01f6527a7e8e7b2l-m1176961309od-w480_h360_x2.webp?w=1080&q=75, http://ap.rdcpix.com/e196bb5a305eba95c01f6527a7e8e7b2l-m3280601486od-w480_h360_x2.webp?w=1080&q=75, http://ap.rdcpix.com/e196bb5a305eba95c01f6527a7e8e7b2l-m271643232od-w480_h360_x2.webp?w=1080&q=75, http://ap.rdcpix.com/e196bb5a305eba95c01f6527a7e8e7b2l-m3458577645od-w480_h360_x2.webp?w=1080&q=75, http://ap.rdcpix.com/e196bb5a305eba95c01f6527a7e8e7b2l-m3019081162od-w480_h360_x2.webp?w=1080&q=75, http://ap.rdcpix.com/e196bb5a305eba95c01f6527a7e8e7b2l-m3277528943od-w480_h360_x2.webp?w=1080&q=75, http://ap.rdcpix.com/e196bb5a305eba95c01f6527a7e8e7b2l-m3149630025od-w480_h360_x2.webp?w=1080&q=75, http://ap.rdcpix.com/e196bb5a305eba95c01f6527a7e8e7b2l-m1567835300od-w480_h360_x2.webp?w=1080&q=75, http://ap.rdcpix.com/e196bb5a305eba95c01f6527a7e8e7b2l-m3915292357od-w480_h360_x2.webp?w=1080&q=75",,,,,,,,,,,,,,,,,,,,,,,,
https://www.realtor.com/rentals/details/36-S-Huntington-Ave-Apt-17_Boston_MA_02130_M90681-93505,9068193505,2980256418,YGLT,210139429,FOR_RENT,No Broker's Fee Vacant Avail NOW Great under priced 1 bedroom apartment on South Huntington Ave by Longwood. Step to Green line. Spacious living room & bedroom Open layout kitchen rent included water laundry in building,APARTMENT,36 S Huntington Ave Apt 17,36 S Huntington Ave,Apt 17,Boston,MA,02130,1,1,,500,,0,2025,,,2025-04-06,,,,,,,False,,4,42.331043,-71.111427,"Mission Hill, Fenway - Kenmore",Suffolk,25025,,,,,,,,,,,,,,,,,,,"Boston School District, Edward M. Kennedy Academy For Health Careers (Horace Mann Ch, Roxbury Preparatory Charter (District)",http://ap.rdcpix.com/6b1600af64aa5df4cb2b4f18e92ea087l-m698336578od-w480_h360_x2.webp?w=1080&q=75,"http://ap.rdcpix.com/6b1600af64aa5df4cb2b4f18e92ea087l-m698336578od-w480_h360_x2.webp?w=1080&q=75, http://ap.rdcpix.com/6b1600af64aa5df4cb2b4f18e92ea087l-m2237516352od-w480_h360_x2.webp?w=1080&q=75, http://ap.rdcpix.com/6b1600af64aa5df4cb2b4f18e92ea087l-m841688081od-w480_h360_x2.webp?w=1080&q=75, http://ap.rdcpix.com/6b1600af64aa5df4cb2b4f18e92ea087l-m3717143940od-w480_h360_x2.webp?w=1080&q=75, http://ap.rdcpix.com/6b1600af64aa5df4cb2b4f18e92ea087l-m2825217068od-w480_h360_x2.webp?w=1080&q=75, http://ap.rdcpix.com/6b1600af64aa5df4cb2b4f18e92ea087l-m3493720519od-w480_h360_x2.webp?w=1080&q=75, http://ap.rdcpix.com/6b1600af64aa5df4cb2b4f18e92ea087l-m1742047741od-w480_h360_x2.webp?w=1080&q=75, http://ap.rdcpix.com/6b1600af64aa5df4cb2b4f18e92ea087l-m2388675184od-w480_h360_x2.webp?w=1080&q=75, http://ap.rdcpix.com/6b1600af64aa5df4cb2b4f18e92ea087l-m2980093750od-w480_h360_x2.webp?w=1080&q=75, http://ap.rdcpix.com/6b1600af64aa5df4cb2b4f18e92ea087l-m3758069841od-w480_h360_x2.webp?w=1080&q=75, http://ap.rdcpix.com/6b1600af64aa5df4cb2b4f18e92ea087l-m902355023od-w480_h360_x2.webp?w=1080&q=75, http://ap.rdcpix.com/6b1600af64aa5df4cb2b4f18e92ea087l-m3267675927od-w480_h360_x2.webp?w=1080&q=75, http://ap.rdcpix.com/6b1600af64aa5df4cb2b4f18e92ea087l-m3395040785od-w480_h360_x2.webp?w=1080&q=75, http://ap.rdcpix.com/6b1600af64aa5df4cb2b4f18e92ea087l-m1281020280od-w480_h360_x2.webp?w=1080&q=75, http://ap.rdcpix.com/6b1600af64aa5df4cb2b4f18e92ea087l-m3653464102od-w480_h360_x2.webp?w=1080&q=75, http://ap.rdcpix.com/6b1600af64aa5df4cb2b4f18e92ea087l-m961453102od-w480_h360_x2.webp?w=1080&q=75, http://ap.rdcpix.com/6b1600af64aa5df4cb2b4f18e92ea087l-m2281453644od-w480_h360_x2.webp?w=1080&q=75",,,,,,,,,,,,,,,,,,,,,,,,
https://www.realtor.com/rentals/details/98-Intervale-St-1_Boston_MA_02121_M48292-58557,4829258557,2980256425,YGLT,398383148,FOR_RENT,"This 720 sq. ft. 2 bed split in Boston offers a practical living space with 2-3 bedrooms and 1 bathroom. The modern kitchen features honey-colored wooden cabinets, granite-like countertops, and modern appliances, including a microwave and gas range. Freshly finished hardwood floors extend throughout the living areas and bedrooms, while the bathroom and kitchen boast tiled flooring. The large primary bedroom provides ample space. Large windows in the bedrooms allow natural light to filter in, enhancing the home's bright and airy feel. The King K-6 School is out your back door. You will find many parks included the exciting Futsol court next door. Bus lines, food and more are a short distance away. We do not discriminate on the basis of age, race, color, sex, national origin, religion, disability, familial status (having children under the age of 18), military status, gender identity, sexual orientation, marital status, or receipt of public assistance including housing vouchers.",APARTMENT,98 Intervale St Unit 1,98 Intervale St,Unit 1,Boston,MA,02121,2,1,,720,,0,2200,,,2025-04-06,,,,862000,,,False,,3,42.310551,-71.07708,"Roxbury, Dudley - Brunswick King",Suffolk,25025,,,,,,,,,,,,,,,,,,,"Conservatory Lab Charter (District), Boston School District",http://ap.rdcpix.com/6f36017b8bf0783d47a2ffcb543fa9e6l-m3728676365od-w480_h360_x2.webp?w=1080&q=75,"http://ap.rdcpix.com/6f36017b8bf0783d47a2ffcb543fa9e6l-m3728676365od-w480_h360_x2.webp?w=1080&q=75, http://ap.rdcpix.com/6f36017b8bf0783d47a2ffcb543fa9e6l-m3231974832od-w480_h360_x2.webp?w=1080&q=75, http://ap.rdcpix.com/6f36017b8bf0783d47a2ffcb543fa9e6l-m3008736422od-w480_h360_x2.webp?w=1080&q=75, http://ap.rdcpix.com/6f36017b8bf0783d47a2ffcb543fa9e6l-m3360891373od-w480_h360_x2.webp?w=1080&q=75, http://ap.rdcpix.com/6f36017b8bf0783d47a2ffcb543fa9e6l-m975662334od-w480_h360_x2.webp?w=1080&q=75, http://ap.rdcpix.com/6f36017b8bf0783d47a2ffcb543fa9e6l-m2039774128od-w480_h360_x2.webp?w=1080&q=75, http://ap.rdcpix.com/6f36017b8bf0783d47a2ffcb543fa9e6l-m1164937148od-w480_h360_x2.webp?w=1080&q=75, http://ap.rdcpix.com/6f36017b8bf0783d47a2ffcb543fa9e6l-m3477440344od-w480_h360_x2.webp?w=1080&q=75, http://ap.rdcpix.com/6f36017b8bf0783d47a2ffcb543fa9e6l-m1006289433od-w480_h360_x2.webp?w=1080&q=75, http://ap.rdcpix.com/6f36017b8bf0783d47a2ffcb543fa9e6l-m1391327168od-w480_h360_x2.webp?w=1080&q=75, http://ap.rdcpix.com/6f36017b8bf0783d47a2ffcb543fa9e6l-m4235940378od-w480_h360_x2.webp?w=1080&q=75, http://ap.rdcpix.com/6f36017b8bf0783d47a2ffcb543fa9e6l-m771909021od-w480_h360_x2.webp?w=1080&q=75, http://ap.rdcpix.com/6f36017b8bf0783d47a2ffcb543fa9e6l-m307947421od-w480_h360_x2.webp?w=1080&q=75, http://ap.rdcpix.com/6f36017b8bf0783d47a2ffcb543fa9e6l-m4106733701od-w480_h360_x2.webp?w=1080&q=75, http://ap.rdcpix.com/6f36017b8bf0783d47a2ffcb543fa9e6l-m2576028188od-w480_h360_x2.webp?w=1080&q=75, http://ap.rdcpix.com/6f36017b8bf0783d47a2ffcb543fa9e6l-m2177083426od-w480_h360_x2.webp?w=1080&q=75, http://ap.rdcpix.com/6f36017b8bf0783d47a2ffcb543fa9e6l-m2734803410od-w480_h360_x2.webp?w=1080&q=75, http://ap.rdcpix.com/6f36017b8bf0783d47a2ffcb543fa9e6l-m924787826od-w480_h360_x2.webp?w=1080&q=75",,,,,,,,,,,,,,,,,,,,,,,,
https://www.realtor.com/rentals/details/24-Phillips-St-Apt-3_Boston_MA_02114_M96176-03401,9617603401,2980257023,AVAL,61326210,FOR_RENT,"Beautiful charming 1 bedroom in Beacon Hill. Very spacious with large living room, eat in kitchen and bedroom. Nice big windows and high ceilings. Close to Charles Street, MGH, Boston Commons and Back Bay. No students allowed. Pet friendly, cats or dogs. Photos may be similar unit in building",APARTMENT,24 Phillips St Apt 3,24 Phillips St,Apt 3,Boston,MA,02114,1,1,,500,,0,2625,,,2025-04-06,,,,,,,False,,5,42.360214,-71.06749,"Fenway - Kenmore, North Slope, Beacon Hill",Suffolk,25025,,,,,,,,,,,,,,,,,,,"Community Charter School Of Cambridge (District), Boston School District",http://ap.rdcpix.com/aefb19375e0154b79f74a468cdaae32dl-m937425488od-w480_h360_x2.webp?w=1080&q=75,"http://ap.rdcpix.com/aefb19375e0154b79f74a468cdaae32dl-m937425488od-w480_h360_x2.webp?w=1080&q=75, http://ap.rdcpix.com/aefb19375e0154b79f74a468cdaae32dl-m2644836398od-w480_h360_x2.webp?w=1080&q=75, http://ap.rdcpix.com/aefb19375e0154b79f74a468cdaae32dl-m169048698od-w480_h360_x2.webp?w=1080&q=75, http://ap.rdcpix.com/aefb19375e0154b79f74a468cdaae32dl-m2369977029od-w480_h360_x2.webp?w=1080&q=75, http://ap.rdcpix.com/aefb19375e0154b79f74a468cdaae32dl-m3464102586od-w480_h360_x2.webp?w=1080&q=75, http://ap.rdcpix.com/aefb19375e0154b79f74a468cdaae32dl-m858438206od-w480_h360_x2.webp?w=1080&q=75, http://ap.rdcpix.com/aefb19375e0154b79f74a468cdaae32dl-m1154761346od-w480_h360_x2.webp?w=1080&q=75",,,,,,,,,,,,,,,,,,,,,,,,
https://www.realtor.com/rentals/details/315-A-St-Unit-2003_Boston_MA_02210_M43606-44895,4360644895,2980256420,YGLT,270251165,FOR_RENT,"Located in the heart of Fort Point, Boston's most environmentally-friendly urban community (LEED Certified). We provide one-stop-shop living, with some of Boston's best dining, nightlife and entertainment just steps away. Your home was designed with you in mind. From an open kitchen concept to stainless steel appliances, hard surface flooring and an in-home washer and dryer; these unique loft style apartments will foster your modern lifestyle. Take in the Boston skyline from the rooftop terrace or the sky lounge. Be active in the fitness center or productive in the conference rooms. Entertain in our resident lounge with community kitchen and game room. You can have it all at 315 on A.",APARTMENT,315 A St Unit 2003,315 A St,Unit 2003,Boston,MA,02210,1,1,,610,,0,4260,,,2025-04-06,,,,,,,False,,7,42.348686,-71.048439,"Fort Point Channel Historic District, South Boston Waterfront, South Boston",Suffolk,25025,,,,,,,,,,,,,,,,,,,"Up Academy Charter School Of Boston (District), Boston School District",http://ap.rdcpix.com/8b5491dfb0afd573f2d2ab023c7a9193l-m2822019859od-w480_h360_x2.webp?w=1080&q=75,"http://ap.rdcpix.com/8b5491dfb0afd573f2d2ab023c7a9193l-m2822019859od-w480_h360_x2.webp?w=1080&q=75, http://ap.rdcpix.com/8b5491dfb0afd573f2d2ab023c7a9193l-m3518352112od-w480_h360_x2.webp?w=1080&q=75, http://ap.rdcpix.com/8b5491dfb0afd573f2d2ab023c7a9193l-m1700930406od-w480_h360_x2.webp?w=1080&q=75, http://ap.rdcpix.com/8b5491dfb0afd573f2d2ab023c7a9193l-m1461728038od-w480_h360_x2.webp?w=1080&q=75, http://ap.rdcpix.com/8b5491dfb0afd573f2d2ab023c7a9193l-m2456886712od-w480_h360_x2.webp?w=1080&q=75, http://ap.rdcpix.com/8b5491dfb0afd573f2d2ab023c7a9193l-m3794702291od-w480_h360_x2.webp?w=1080&q=75, http://ap.rdcpix.com/8b5491dfb0afd573f2d2ab023c7a9193l-m778967759od-w480_h360_x2.webp?w=1080&q=75, http://ap.rdcpix.com/8b5491dfb0afd573f2d2ab023c7a9193l-m815819007od-w480_h360_x2.webp?w=1080&q=75, http://ap.rdcpix.com/8b5491dfb0afd573f2d2ab023c7a9193l-m3314663732od-w480_h360_x2.webp?w=1080&q=75, http://ap.rdcpix.com/8b5491dfb0afd573f2d2ab023c7a9193l-m3051662976od-w480_h360_x2.webp?w=1080&q=75, http://ap.rdcpix.com/8b5491dfb0afd573f2d2ab023c7a9193l-m1627079029od-w480_h360_x2.webp?w=1080&q=75, http://ap.rdcpix.com/8b5491dfb0afd573f2d2ab023c7a9193l-m8763908od-w480_h360_x2.webp?w=1080&q=75, http://ap.rdcpix.com/8b5491dfb0afd573f2d2ab023c7a9193l-m2437784899od-w480_h360_x2.webp?w=1080&q=75, http://ap.rdcpix.com/8b5491dfb0afd573f2d2ab023c7a9193l-m1823414597od-w480_h360_x2.webp?w=1080&q=75, http://ap.rdcpix.com/8b5491dfb0afd573f2d2ab023c7a9193l-m250153666od-w480_h360_x2.webp?w=1080&q=75, http://ap.rdcpix.com/8b5491dfb0afd573f2d2ab023c7a9193l-m131086082od-w480_h360_x2.webp?w=1080&q=75, http://ap.rdcpix.com/8b5491dfb0afd573f2d2ab023c7a9193l-m1158814796od-w480_h360_x2.webp?w=1080&q=75, http://ap.rdcpix.com/8b5491dfb0afd573f2d2ab023c7a9193l-m1631976079od-w480_h360_x2.webp?w=1080&q=75, http://ap.rdcpix.com/8b5491dfb0afd573f2d2ab023c7a9193l-m2370366911od-w480_h360_x2.webp?w=1080&q=75, http://ap.rdcpix.com/8b5491dfb0afd573f2d2ab023c7a9193l-m319440508od-w480_h360_x2.webp?w=1080&q=75, http://ap.rdcpix.com/8b5491dfb0afd573f2d2ab023c7a9193l-m3449999849od-w480_h360_x2.webp?w=1080&q=75, http://ap.rdcpix.com/8b5491dfb0afd573f2d2ab023c7a9193l-m1980464225od-w480_h360_x2.webp?w=1080&q=75, http://ap.rdcpix.com/8b5491dfb0afd573f2d2ab023c7a9193l-m2186053971od-w480_h360_x2.webp?w=1080&q=75, http://ap.rdcpix.com/8b5491dfb0afd573f2d2ab023c7a9193l-m983394443od-w480_h360_x2.webp?w=1080&q=75, http://ap.rdcpix.com/8b5491dfb0afd573f2d2ab023c7a9193l-m373596649od-w480_h360_x2.webp?w=1080&q=75, http://ap.rdcpix.com/8b5491dfb0afd573f2d2ab023c7a9193l-m3819226306od-w480_h360_x2.webp?w=1080&q=75, http://ap.rdcpix.com/8b5491dfb0afd573f2d2ab023c7a9193l-m1911425669od-w480_h360_x2.webp?w=1080&q=75, http://ap.rdcpix.com/8b5491dfb0afd573f2d2ab023c7a9193l-m3169802914od-w480_h360_x2.webp?w=1080&q=75, http://ap.rdcpix.com/8b5491dfb0afd573f2d2ab023c7a9193l-m1708978420od-w480_h360_x2.webp?w=1080&q=75, http://ap.rdcpix.com/8b5491dfb0afd573f2d2ab023c7a9193l-m1351726867od-w480_h360_x2.webp?w=1080&q=75, http://ap.rdcpix.com/8b5491dfb0afd573f2d2ab023c7a9193l-m2491821575od-w480_h360_x2.webp?w=1080&q=75, http://ap.rdcpix.com/8b5491dfb0afd573f2d2ab023c7a9193l-m2415615593od-w480_h360_x2.webp?w=1080&q=75, http://ap.rdcpix.com/8b5491dfb0afd573f2d2ab023c7a9193l-m3149643265od-w480_h360_x2.webp?w=1080&q=75",,,,,,,,,,,,,,,,,,,,,,,,
https://www.realtor.com/rentals/details/96-Saint-Botolph-St-Apt-4_Boston_MA_02116_M98888-85857,9888885857,2980256414,YGLT,397362343,FOR_RENT,,APARTMENT,96 Saint Botolph St Apt 4,96 Saint Botolph St,Apt 4,Boston,MA,02116,1,1,,,,0,2700,,,2025-04-06,,,,,,,False,,,42.344845,-71.080643,"Fenway - Kenmore, Prudential - St. Botolph, Back Bay",Suffolk,25025,,,,,,,,,,,,,,,,,,,Boston School District,http://ap.rdcpix.com/9402ba6d30b00bac45077623038f85d1l-m4063004044od-w480_h360_x2.webp?w=1080&q=75,"http://ap.rdcpix.com/9402ba6d30b00bac45077623038f85d1l-m4063004044od-w480_h360_x2.webp?w=1080&q=75, http://ap.rdcpix.com/9402ba6d30b00bac45077623038f85d1l-m1349683550od-w480_h360_x2.webp?w=1080&q=75, http://ap.rdcpix.com/9402ba6d30b00bac45077623038f85d1l-m3172884464od-w480_h360_x2.webp?w=1080&q=75, http://ap.rdcpix.com/9402ba6d30b00bac45077623038f85d1l-m2910665658od-w480_h360_x2.webp?w=1080&q=75, http://ap.rdcpix.com/9402ba6d30b00bac45077623038f85d1l-m961104964od-w480_h360_x2.webp?w=1080&q=75, http://ap.rdcpix.com/9402ba6d30b00bac45077623038f85d1l-m126396235od-w480_h360_x2.webp?w=1080&q=75, http://ap.rdcpix.com/9402ba6d30b00bac45077623038f85d1l-m3480532586od-w480_h360_x2.webp?w=1080&q=75, http://ap.rdcpix.com/9402ba6d30b00bac45077623038f85d1l-m3864617557od-w480_h360_x2.webp?w=1080&q=75, http://ap.rdcpix.com/9402ba6d30b00bac45077623038f85d1l-m2457480362od-w480_h360_x2.webp?w=1080&q=75, http://ap.rdcpix.com/9402ba6d30b00bac45077623038f85d1l-m987614013od-w480_h360_x2.webp?w=1080&q=75, http://ap.rdcpix.com/9402ba6d30b00bac45077623038f85d1l-m3087999061od-w480_h360_x2.webp?w=1080&q=75, http://ap.rdcpix.com/9402ba6d30b00bac45077623038f85d1l-m4127749326od-w480_h360_x2.webp?w=1080&q=75",,,,,,,,,,,,,,,,,,,,,,,,
